protocol,model,seed,held_out,event_id,source_group_id,y_true,y_pred,p_coal,p_gangue,p_empty,window_count,group_overlap,split_hash
group_lonso,RAAF-BiPAC-Mamba / PAC+GRL full,42,S6,CEVT_001,SRC_CEVT_001,coal,coal,0.7951100250,0.1124831697,0.0924068053,18,0,59df1d0965ae364a8dc80887839a20be5f7a98764098a3afdeedc416721337d1
group_lonso,RAAF-BiPAC-Mamba / PAC+GRL full,42,S6,CEVT_003,SRC_CEVT_003,coal,coal,0.6958561083,0.1961734704,0.1079704213,18,0,59df1d0965ae364a8dc80887839a20be5f7a98764098a3afdeedc416721337d1
group_lonso,RAAF-BiPAC-Mamba / PAC+GRL full,42,S6,CEVT_009,SRC_CEVT_009,coal,coal,0.9190920341,0.0297445951,0.0511633708,18,0,59df1d0965ae364a8dc80887839a20be5f7a98764098a3afdeedc416721337d1
group_lonso,RAAF-BiPAC-Mamba / PAC+GRL full,42,S6,CEVT_014,SRC_CEVT_014,coal,coal,0.7651350747,0.0791921869,0.1556727383,18,0,59df1d0965ae364a8dc80887839a20be5f7a98764098a3afdeedc416721337d1
group_lonso,RAAF-BiPAC-Mamba / PAC+GRL full,42,S6,CEVT_019,SRC_CEVT_019,coal,coal,0.8060294274,0.0945207838,0.0994497887,18,0,59df1d0965ae364a8dc80887839a20be5f7a98764098a3afdeedc416721337d1
group_lonso,RAAF-BiPAC-Mamba / PAC+GRL full,42,S6,CEVT_020,SRC_CEVT_020,coal,coal,0.7224367268,0.1319487686,0.1456145046,18,0,59df1d0965ae364a8dc80887839a20be5f7a98764098a3afdeedc416721337d1
group_lonso,RAAF-BiPAC-Mamba / PAC+GRL full,42,S6,CEVT_024,SRC_CEVT_024,coal,coal,0.8828782594,0.0818146553,0.0353070852,18,0,59df1d0965ae364a8dc80887839a20be5f7a98764098a3afdeedc416721337d1
group_lonso,RAAF-BiPAC-Mamba / PAC+GRL full,42,S6,CEVT_033,SRC_CEVT_033,coal,coal,0.8519476541,0.0570105608,0.0910417851,18,0,59df1d0965ae364a8dc80887839a20be5f7a98764098a3afdeedc416721337d1
group_lonso,RAAF-BiPAC-Mamba / PAC+GRL full,42,S6,CEVT_042,SRC_CEVT_042,coal,gangue,0.3102818757,0.5101306215,0.1795875028,18,0,59df1d0965ae364a8dc80887839a20be5f7a98764098a3afdeedc416721337d1
group_lonso,RAAF-BiPAC-Mamba / PAC+GRL full,42,S6,CEVT_044,SRC_CEVT_044,coal,coal,0.9172052426,0.0435790585,0.0392156989,18,0,59df1d0965ae364a8dc80887839a20be5f7a98764098a3afdeedc416721337d1
group_lonso,RAAF-BiPAC-Mamba / PAC+GRL full,42,S6,GEVT_004,SRC_GEVT_004,gangue,gangue,0.1358214253,0.7545503577,0.1096282170,18,0,59df1d0965ae364a8dc80887839a20be5f7a98764098a3afdeedc416721337d1
group_lonso,RAAF-BiPAC-Mamba / PAC+GRL full,42,S6,GEVT_013,SRC_GEVT_013,gangue,gangue,0.0295851092,0.9534671997,0.0169476911,18,0,59df1d0965ae364a8dc80887839a20be5f7a98764098a3afdeedc416721337d1
group_lonso,RAAF-BiPAC-Mamba / PAC+GRL full,42,S6,GEVT_014,SRC_GEVT_014,gangue,gangue,0.1386124691,0.7453898583,0.1159976726,18,0,59df1d0965ae364a8dc80887839a20be5f7a98764098a3afdeedc416721337d1
group_lonso,RAAF-BiPAC-Mamba / PAC+GRL full,42,S6,GEVT_019,SRC_GEVT_019,gangue,gangue,0.0981361616,0.6911065358,0.2107573026,18,0,59df1d0965ae364a8dc80887839a20be5f7a98764098a3afdeedc416721337d1
group_lonso,RAAF-BiPAC-Mamba / PAC+GRL full,42,S6,GEVT_023,SRC_GEVT_023,gangue,coal,0.5058553056,0.2340005290,0.2601441653,18,0,59df1d0965ae364a8dc80887839a20be5f7a98764098a3afdeedc416721337d1
group_lonso,RAAF-BiPAC-Mamba / PAC+GRL full,42,S6,GEVT_027,SRC_GEVT_027,gangue,gangue,0.1440540700,0.6932939390,0.1626519911,18,0,59df1d0965ae364a8dc80887839a20be5f7a98764098a3afdeedc416721337d1
group_lonso,RAAF-BiPAC-Mamba / PAC+GRL full,42,S6,GEVT_033,SRC_GEVT_033,gangue,gangue,0.1034788776,0.8143618665,0.0821592559,18,0,59df1d0965ae364a8dc80887839a20be5f7a98764098a3afdeedc416721337d1
group_lonso,RAAF-BiPAC-Mamba / PAC+GRL full,42,S6,GEVT_040,SRC_GEVT_040,gangue,gangue,0.0197188490,0.9353894745,0.0448916766,18,0,59df1d0965ae364a8dc80887839a20be5f7a98764098a3afdeedc416721337d1
group_lonso,RAAF-BiPAC-Mamba / PAC+GRL full,42,S6,GEVT_050,SRC_GEVT_050,gangue,coal,0.6066718047,0.3928401873,0.0004880079,18,0,59df1d0965ae364a8dc80887839a20be5f7a98764098a3afdeedc416721337d1
group_lonso,RAAF-BiPAC-Mamba / PAC+GRL full,42,S6,GEVT_053,SRC_GEVT_053,gangue,coal,0.4918424452,0.4247834151,0.0833741397,18,0,59df1d0965ae364a8dc80887839a20be5f7a98764098a3afdeedc416721337d1
group_lonso,RAAF-BiPAC-Mamba / PAC+GRL full,42,S6,GEVT_055,SRC_GEVT_055,gangue,gangue,0.0267685377,0.9111724085,0.0620590538,18,0,59df1d0965ae364a8dc80887839a20be5f7a98764098a3afdeedc416721337d1
group_lonso,RAAF-BiPAC-Mamba / PAC+GRL full,42,S6,EEVT_002,SRC_EEVT_002,empty,empty,0.1863124576,0.0893610980,0.7243264444,18,0,59df1d0965ae364a8dc80887839a20be5f7a98764098a3afdeedc416721337d1
group_lonso,RAAF-BiPAC-Mamba / PAC+GRL full,42,S6,EEVT_005,SRC_EEVT_005,empty,gangue,0.1249560683,0.5797622452,0.2952816864,18,0,59df1d0965ae364a8dc80887839a20be5f7a98764098a3afdeedc416721337d1
group_lonso,RAAF-BiPAC-Mamba / PAC+GRL full,42,S6,EEVT_009,SRC_EEVT_009,empty,empty,0.0414731229,0.0283113645,0.9302155125,18,0,59df1d0965ae364a8dc80887839a20be5f7a98764098a3afdeedc416721337d1
group_lonso,RAAF-BiPAC-Mamba / PAC+GRL full,42,S6,EEVT_017,SRC_EEVT_017,empty,empty,0.0156665760,0.0364857771,0.9478476469,18,0,59df1d0965ae364a8dc80887839a20be5f7a98764098a3afdeedc416721337d1
group_lonso,RAAF-BiPAC-Mamba / PAC+GRL full,42,S6,EEVT_019,SRC_EEVT_019,empty,empty,0.0777748959,0.1619580636,0.7602670405,18,0,59df1d0965ae364a8dc80887839a20be5f7a98764098a3afdeedc416721337d1
group_lonso,RAAF-BiPAC-Mamba / PAC+GRL full,42,S6,EEVT_029,SRC_EEVT_029,empty,empty,0.0316323538,0.0380901514,0.9302774949,18,0,59df1d0965ae364a8dc80887839a20be5f7a98764098a3afdeedc416721337d1
group_lonso,RAAF-BiPAC-Mamba / PAC+GRL full,42,S6,EEVT_033,SRC_EEVT_033,empty,empty,0.0440021952,0.0473662629,0.9086315419,18,0,59df1d0965ae364a8dc80887839a20be5f7a98764098a3afdeedc416721337d1
group_lonso,RAAF-BiPAC-Mamba / PAC+GRL full,42,S6,EEVT_034,SRC_EEVT_034,empty,empty,0.1154634044,0.0695447373,0.8149918583,18,0,59df1d0965ae364a8dc80887839a20be5f7a98764098a3afdeedc416721337d1
group_lonso,RAAF-BiPAC-Mamba / PAC+GRL full,42,S6,EEVT_036,SRC_EEVT_036,empty,gangue,0.1304313746,0.4811157460,0.3884528794,18,0,59df1d0965ae364a8dc80887839a20be5f7a98764098a3afdeedc416721337d1
group_lonso,RAAF-BiPAC-Mamba / PAC+GRL full,43,S6,CEVT_006,SRC_CEVT_006,coal,coal,0.8433235454,0.0921543691,0.0645220855,18,0,33ae0d43b916cca42e642a7defc4f91be638906cbe8dfe313c0cbca328e8f3ba
group_lonso,RAAF-BiPAC-Mamba / PAC+GRL full,43,S6,CEVT_018,SRC_CEVT_018,coal,empty,0.4036836222,0.0004936161,0.5958227617,18,0,33ae0d43b916cca42e642a7defc4f91be638906cbe8dfe313c0cbca328e8f3ba
group_lonso,RAAF-BiPAC-Mamba / PAC+GRL full,43,S6,CEVT_021,SRC_CEVT_021,coal,coal,0.6879889444,0.1809086312,0.1311024244,18,0,33ae0d43b916cca42e642a7defc4f91be638906cbe8dfe313c0cbca328e8f3ba
group_lonso,RAAF-BiPAC-Mamba / PAC+GRL full,43,S6,CEVT_025,SRC_CEVT_025,coal,coal,0.8081327820,0.1055533149,0.0863139031,18,0,33ae0d43b916cca42e642a7defc4f91be638906cbe8dfe313c0cbca328e8f3ba
group_lonso,RAAF-BiPAC-Mamba / PAC+GRL full,43,S6,CEVT_027,SRC_CEVT_027,coal,coal,0.8258210930,0.1056232916,0.0685556154,18,0,33ae0d43b916cca42e642a7defc4f91be638906cbe8dfe313c0cbca328e8f3ba
group_lonso,RAAF-BiPAC-Mamba / PAC+GRL full,43,S6,CEVT_028,SRC_CEVT_028,coal,coal,0.8470485809,0.0888846048,0.0640668143,18,0,33ae0d43b916cca42e642a7defc4f91be638906cbe8dfe313c0cbca328e8f3ba
group_lonso,RAAF-BiPAC-Mamba / PAC+GRL full,43,S6,CEVT_042,SRC_CEVT_042,coal,coal,0.8774897203,0.0531402595,0.0693700203,18,0,33ae0d43b916cca42e642a7defc4f91be638906cbe8dfe313c0cbca328e8f3ba
group_lonso,RAAF-BiPAC-Mamba / PAC+GRL full,43,S6,CEVT_044,SRC_CEVT_044,coal,coal,0.7438616799,0.1488781131,0.1072602070,18,0,33ae0d43b916cca42e642a7defc4f91be638906cbe8dfe313c0cbca328e8f3ba
group_lonso,RAAF-BiPAC-Mamba / PAC+GRL full,43,S6,CEVT_046,SRC_CEVT_046,coal,coal,0.9095111901,0.0631465185,0.0273422914,18,0,33ae0d43b916cca42e642a7defc4f91be638906cbe8dfe313c0cbca328e8f3ba
group_lonso,RAAF-BiPAC-Mamba / PAC+GRL full,43,S6,CEVT_047,SRC_CEVT_047,coal,gangue,0.3662434330,0.5309590717,0.1027974954,18,0,33ae0d43b916cca42e642a7defc4f91be638906cbe8dfe313c0cbca328e8f3ba
group_lonso,RAAF-BiPAC-Mamba / PAC+GRL full,43,S6,GEVT_006,SRC_GEVT_006,gangue,gangue,0.0443284588,0.8575744435,0.0980970977,18,0,33ae0d43b916cca42e642a7defc4f91be638906cbe8dfe313c0cbca328e8f3ba
group_lonso,RAAF-BiPAC-Mamba / PAC+GRL full,43,S6,GEVT_007,SRC_GEVT_007,gangue,gangue,0.0783933022,0.8392553471,0.0823513507,18,0,33ae0d43b916cca42e642a7defc4f91be638906cbe8dfe313c0cbca328e8f3ba
group_lonso,RAAF-BiPAC-Mamba / PAC+GRL full,43,S6,GEVT_008,SRC_GEVT_008,gangue,gangue,0.0954538458,0.8146229618,0.0899231924,18,0,33ae0d43b916cca42e642a7defc4f91be638906cbe8dfe313c0cbca328e8f3ba
group_lonso,RAAF-BiPAC-Mamba / PAC+GRL full,43,S6,GEVT_028,SRC_GEVT_028,gangue,coal,0.5557377530,0.2259707503,0.2182914967,18,0,33ae0d43b916cca42e642a7defc4f91be638906cbe8dfe313c0cbca328e8f3ba
group_lonso,RAAF-BiPAC-Mamba / PAC+GRL full,43,S6,GEVT_037,SRC_GEVT_037,gangue,empty,0.2199359952,0.2812169245,0.4988470803,18,0,33ae0d43b916cca42e642a7defc4f91be638906cbe8dfe313c0cbca328e8f3ba
group_lonso,RAAF-BiPAC-Mamba / PAC+GRL full,43,S6,GEVT_039,SRC_GEVT_039,gangue,empty,0.3163686136,0.2063600594,0.4772713270,18,0,33ae0d43b916cca42e642a7defc4f91be638906cbe8dfe313c0cbca328e8f3ba
group_lonso,RAAF-BiPAC-Mamba / PAC+GRL full,43,S6,GEVT_042,SRC_GEVT_042,gangue,coal,0.6205123686,0.3346214020,0.0448662294,18,0,33ae0d43b916cca42e642a7defc4f91be638906cbe8dfe313c0cbca328e8f3ba
group_lonso,RAAF-BiPAC-Mamba / PAC+GRL full,43,S6,GEVT_048,SRC_GEVT_048,gangue,gangue,0.1253387471,0.7758280004,0.0988332524,18,0,33ae0d43b916cca42e642a7defc4f91be638906cbe8dfe313c0cbca328e8f3ba
group_lonso,RAAF-BiPAC-Mamba / PAC+GRL full,43,S6,GEVT_053,SRC_GEVT_053,gangue,gangue,0.1065778849,0.8158220192,0.0776000959,18,0,33ae0d43b916cca42e642a7defc4f91be638906cbe8dfe313c0cbca328e8f3ba
group_lonso,RAAF-BiPAC-Mamba / PAC+GRL full,43,S6,GEVT_054,SRC_GEVT_054,gangue,gangue,0.1376095256,0.7165251524,0.1458653220,18,0,33ae0d43b916cca42e642a7defc4f91be638906cbe8dfe313c0cbca328e8f3ba
group_lonso,RAAF-BiPAC-Mamba / PAC+GRL full,43,S6,GEVT_057,SRC_GEVT_057,gangue,gangue,0.0398442000,0.9222013475,0.0379544525,18,0,33ae0d43b916cca42e642a7defc4f91be638906cbe8dfe313c0cbca328e8f3ba
group_lonso,RAAF-BiPAC-Mamba / PAC+GRL full,43,S6,EEVT_009,SRC_EEVT_009,empty,empty,0.0566863298,0.0960551371,0.8472585331,18,0,33ae0d43b916cca42e642a7defc4f91be638906cbe8dfe313c0cbca328e8f3ba
group_lonso,RAAF-BiPAC-Mamba / PAC+GRL full,43,S6,EEVT_015,SRC_EEVT_015,empty,empty,0.0558380122,0.1292861801,0.8148758077,18,0,33ae0d43b916cca42e642a7defc4f91be638906cbe8dfe313c0cbca328e8f3ba
group_lonso,RAAF-BiPAC-Mamba / PAC+GRL full,43,S6,EEVT_017,SRC_EEVT_017,empty,empty,0.1168839842,0.0687316076,0.8143844082,18,0,33ae0d43b916cca42e642a7defc4f91be638906cbe8dfe313c0cbca328e8f3ba
group_lonso,RAAF-BiPAC-Mamba / PAC+GRL full,43,S6,EEVT_020,SRC_EEVT_020,empty,empty,0.1397552799,0.0830069024,0.7772378177,18,0,33ae0d43b916cca42e642a7defc4f91be638906cbe8dfe313c0cbca328e8f3ba
group_lonso,RAAF-BiPAC-Mamba / PAC+GRL full,43,S6,EEVT_029,SRC_EEVT_029,empty,empty,0.0696889589,0.1262945017,0.8040165394,18,0,33ae0d43b916cca42e642a7defc4f91be638906cbe8dfe313c0cbca328e8f3ba
group_lonso,RAAF-BiPAC-Mamba / PAC+GRL full,43,S6,EEVT_038,SRC_EEVT_038,empty,empty,0.0890485296,0.1325529190,0.7783985514,18,0,33ae0d43b916cca42e642a7defc4f91be638906cbe8dfe313c0cbca328e8f3ba
group_lonso,RAAF-BiPAC-Mamba / PAC+GRL full,43,S6,EEVT_039,SRC_EEVT_039,empty,empty,0.0547938162,0.0335808612,0.9116253226,18,0,33ae0d43b916cca42e642a7defc4f91be638906cbe8dfe313c0cbca328e8f3ba
group_lonso,RAAF-BiPAC-Mamba / PAC+GRL full,43,S6,EEVT_041,SRC_EEVT_041,empty,empty,0.1628644647,0.1045170490,0.7326184863,18,0,33ae0d43b916cca42e642a7defc4f91be638906cbe8dfe313c0cbca328e8f3ba
group_lonso,RAAF-BiPAC-Mamba / PAC+GRL full,43,S6,EEVT_042,SRC_EEVT_042,empty,empty,0.0920477650,0.0484357430,0.8595164920,18,0,33ae0d43b916cca42e642a7defc4f91be638906cbe8dfe313c0cbca328e8f3ba
group_lonso,RAAF-BiPAC-Mamba / PAC+GRL full,44,S6,CEVT_002,SRC_CEVT_002,coal,coal,0.8374421671,0.0808709227,0.0816869102,18,0,bb8720d09a47ae5c0fe6156b3cd6c98e3c2dd69538ac7654151880ce1d096e84
group_lonso,RAAF-BiPAC-Mamba / PAC+GRL full,44,S6,CEVT_009,SRC_CEVT_009,coal,gangue,0.2566442715,0.5742378876,0.1691178409,18,0,bb8720d09a47ae5c0fe6156b3cd6c98e3c2dd69538ac7654151880ce1d096e84
group_lonso,RAAF-BiPAC-Mamba / PAC+GRL full,44,S6,CEVT_010,SRC_CEVT_010,coal,coal,0.7311698279,0.1028948255,0.1659353466,18,0,bb8720d09a47ae5c0fe6156b3cd6c98e3c2dd69538ac7654151880ce1d096e84
group_lonso,RAAF-BiPAC-Mamba / PAC+GRL full,44,S6,CEVT_011,SRC_CEVT_011,coal,coal,0.8385016116,0.0772757656,0.0842226227,18,0,bb8720d09a47ae5c0fe6156b3cd6c98e3c2dd69538ac7654151880ce1d096e84
group_lonso,RAAF-BiPAC-Mamba / PAC+GRL full,44,S6,CEVT_020,SRC_CEVT_020,coal,coal,0.9175561010,0.0374627399,0.0449811591,18,0,bb8720d09a47ae5c0fe6156b3cd6c98e3c2dd69538ac7654151880ce1d096e84
group_lonso,RAAF-BiPAC-Mamba / PAC+GRL full,44,S6,CEVT_029,SRC_CEVT_029,coal,coal,0.8698616559,0.0505020683,0.0796362758,18,0,bb8720d09a47ae5c0fe6156b3cd6c98e3c2dd69538ac7654151880ce1d096e84
group_lonso,RAAF-BiPAC-Mamba / PAC+GRL full,44,S6,CEVT_032,SRC_CEVT_032,coal,coal,0.7364888619,0.1567189763,0.1067921618,18,0,bb8720d09a47ae5c0fe6156b3cd6c98e3c2dd69538ac7654151880ce1d096e84
group_lonso,RAAF-BiPAC-Mamba / PAC+GRL full,44,S6,CEVT_035,SRC_CEVT_035,coal,gangue,0.3183471083,0.4687634415,0.2128894503,18,0,bb8720d09a47ae5c0fe6156b3cd6c98e3c2dd69538ac7654151880ce1d096e84
group_lonso,RAAF-BiPAC-Mamba / PAC+GRL full,44,S6,CEVT_040,SRC_CEVT_040,coal,coal,0.9093879029,0.0566597965,0.0339523006,18,0,bb8720d09a47ae5c0fe6156b3cd6c98e3c2dd69538ac7654151880ce1d096e84
group_lonso,RAAF-BiPAC-Mamba / PAC+GRL full,44,S6,CEVT_045,SRC_CEVT_045,coal,coal,0.8615381650,0.0464295380,0.0920322970,18,0,bb8720d09a47ae5c0fe6156b3cd6c98e3c2dd69538ac7654151880ce1d096e84
group_lonso,RAAF-BiPAC-Mamba / PAC+GRL full,44,S6,GEVT_003,SRC_GEVT_003,gangue,gangue,0.1324856631,0.8070810970,0.0604332399,18,0,bb8720d09a47ae5c0fe6156b3cd6c98e3c2dd69538ac7654151880ce1d096e84
group_lonso,RAAF-BiPAC-Mamba / PAC+GRL full,44,S6,GEVT_005,SRC_GEVT_005,gangue,coal,0.5018755825,0.3999705093,0.0981539082,18,0,bb8720d09a47ae5c0fe6156b3cd6c98e3c2dd69538ac7654151880ce1d096e84
group_lonso,RAAF-BiPAC-Mamba / PAC+GRL full,44,S6,GEVT_010,SRC_GEVT_010,gangue,gangue,0.1544322585,0.7678735656,0.0776941759,18,0,bb8720d09a47ae5c0fe6156b3cd6c98e3c2dd69538ac7654151880ce1d096e84
group_lonso,RAAF-BiPAC-Mamba / PAC+GRL full,44,S6,GEVT_016,SRC_GEVT_016,gangue,gangue,0.0988543311,0.7429871195,0.1581585494,18,0,bb8720d09a47ae5c0fe6156b3cd6c98e3c2dd69538ac7654151880ce1d096e84
group_lonso,RAAF-BiPAC-Mamba / PAC+GRL full,44,S6,GEVT_024,SRC_GEVT_024,gangue,gangue,0.0717314177,0.8833418774,0.0449267049,18,0,bb8720d09a47ae5c0fe6156b3cd6c98e3c2dd69538ac7654151880ce1d096e84
group_lonso,RAAF-BiPAC-Mamba / PAC+GRL full,44,S6,GEVT_026,SRC_GEVT_026,gangue,gangue,0.0389559810,0.9032591295,0.0577848894,18,0,bb8720d09a47ae5c0fe6156b3cd6c98e3c2dd69538ac7654151880ce1d096e84
group_lonso,RAAF-BiPAC-Mamba / PAC+GRL full,44,S6,GEVT_030,SRC_GEVT_030,gangue,gangue,0.2133187704,0.6810181441,0.1056630855,18,0,bb8720d09a47ae5c0fe6156b3cd6c98e3c2dd69538ac7654151880ce1d096e84
group_lonso,RAAF-BiPAC-Mamba / PAC+GRL full,44,S6,GEVT_033,SRC_GEVT_033,gangue,gangue,0.0712600871,0.8781744087,0.0505655042,18,0,bb8720d09a47ae5c0fe6156b3cd6c98e3c2dd69538ac7654151880ce1d096e84
group_lonso,RAAF-BiPAC-Mamba / PAC+GRL full,44,S6,GEVT_048,SRC_GEVT_048,gangue,gangue,0.1120406707,0.8053361776,0.0826231518,18,0,bb8720d09a47ae5c0fe6156b3cd6c98e3c2dd69538ac7654151880ce1d096e84
group_lonso,RAAF-BiPAC-Mamba / PAC+GRL full,44,S6,GEVT_050,SRC_GEVT_050,gangue,gangue,0.1064664983,0.8179273143,0.0756061874,18,0,bb8720d09a47ae5c0fe6156b3cd6c98e3c2dd69538ac7654151880ce1d096e84
group_lonso,RAAF-BiPAC-Mamba / PAC+GRL full,44,S6,GEVT_055,SRC_GEVT_055,gangue,gangue,0.0547624268,0.8582532453,0.0869843279,18,0,bb8720d09a47ae5c0fe6156b3cd6c98e3c2dd69538ac7654151880ce1d096e84
group_lonso,RAAF-BiPAC-Mamba / PAC+GRL full,44,S6,EEVT_005,SRC_EEVT_005,empty,empty,0.0597967635,0.0674437191,0.8727595174,18,0,bb8720d09a47ae5c0fe6156b3cd6c98e3c2dd69538ac7654151880ce1d096e84
group_lonso,RAAF-BiPAC-Mamba / PAC+GRL full,44,S6,EEVT_017,SRC_EEVT_017,empty,empty,0.0342217577,0.0338977448,0.9318804974,18,0,bb8720d09a47ae5c0fe6156b3cd6c98e3c2dd69538ac7654151880ce1d096e84
group_lonso,RAAF-BiPAC-Mamba / PAC+GRL full,44,S6,EEVT_019,SRC_EEVT_019,empty,empty,0.1224181219,0.0862934712,0.7912884068,18,0,bb8720d09a47ae5c0fe6156b3cd6c98e3c2dd69538ac7654151880ce1d096e84
group_lonso,RAAF-BiPAC-Mamba / PAC+GRL full,44,S6,EEVT_026,SRC_EEVT_026,empty,empty,0.1570420324,0.0855941699,0.7573637977,18,0,bb8720d09a47ae5c0fe6156b3cd6c98e3c2dd69538ac7654151880ce1d096e84
group_lonso,RAAF-BiPAC-Mamba / PAC+GRL full,44,S6,EEVT_030,SRC_EEVT_030,empty,empty,0.1541126439,0.0845874828,0.7612998733,18,0,bb8720d09a47ae5c0fe6156b3cd6c98e3c2dd69538ac7654151880ce1d096e84
group_lonso,RAAF-BiPAC-Mamba / PAC+GRL full,44,S6,EEVT_034,SRC_EEVT_034,empty,empty,0.1389378216,0.1199140609,0.7411481175,18,0,bb8720d09a47ae5c0fe6156b3cd6c98e3c2dd69538ac7654151880ce1d096e84
group_lonso,RAAF-BiPAC-Mamba / PAC+GRL full,44,S6,EEVT_035,SRC_EEVT_035,empty,gangue,0.0112234549,0.5765493613,0.4122271837,18,0,bb8720d09a47ae5c0fe6156b3cd6c98e3c2dd69538ac7654151880ce1d096e84
group_lonso,RAAF-BiPAC-Mamba / PAC+GRL full,44,S6,EEVT_038,SRC_EEVT_038,empty,gangue,0.2663906844,0.4512487958,0.2823605197,18,0,bb8720d09a47ae5c0fe6156b3cd6c98e3c2dd69538ac7654151880ce1d096e84
group_lonso,RAAF-BiPAC-Mamba / PAC+GRL full,44,S6,EEVT_040,SRC_EEVT_040,empty,empty,0.0661789210,0.0514763639,0.8823447151,18,0,bb8720d09a47ae5c0fe6156b3cd6c98e3c2dd69538ac7654151880ce1d096e84
group_lonso,RAAF-BiPAC-Mamba / PAC+GRL full,45,S6,CEVT_003,SRC_CEVT_003,coal,coal,0.7829934259,0.1326792500,0.0843273240,18,0,0d68ed4c7266207cb739b5c2d5ce92df953eb821f5798798286bb02e055cd76e
group_lonso,RAAF-BiPAC-Mamba / PAC+GRL full,45,S6,CEVT_004,SRC_CEVT_004,coal,gangue,0.2437625377,0.4600275381,0.2962099243,18,0,0d68ed4c7266207cb739b5c2d5ce92df953eb821f5798798286bb02e055cd76e
group_lonso,RAAF-BiPAC-Mamba / PAC+GRL full,45,S6,CEVT_005,SRC_CEVT_005,coal,coal,0.9122863894,0.0548061086,0.0329075020,18,0,0d68ed4c7266207cb739b5c2d5ce92df953eb821f5798798286bb02e055cd76e
group_lonso,RAAF-BiPAC-Mamba / PAC+GRL full,45,S6,CEVT_010,SRC_CEVT_010,coal,coal,0.9361632453,0.0337457045,0.0300910503,18,0,0d68ed4c7266207cb739b5c2d5ce92df953eb821f5798798286bb02e055cd76e
group_lonso,RAAF-BiPAC-Mamba / PAC+GRL full,45,S6,CEVT_024,SRC_CEVT_024,coal,coal,0.8900759738,0.0691897856,0.0407342406,18,0,0d68ed4c7266207cb739b5c2d5ce92df953eb821f5798798286bb02e055cd76e
group_lonso,RAAF-BiPAC-Mamba / PAC+GRL full,45,S6,CEVT_032,SRC_CEVT_032,coal,gangue,0.3679599155,0.5283213507,0.1037187338,18,0,0d68ed4c7266207cb739b5c2d5ce92df953eb821f5798798286bb02e055cd76e
group_lonso,RAAF-BiPAC-Mamba / PAC+GRL full,45,S6,CEVT_033,SRC_CEVT_033,coal,coal,0.7948566548,0.0820324834,0.1231108618,18,0,0d68ed4c7266207cb739b5c2d5ce92df953eb821f5798798286bb02e055cd76e
group_lonso,RAAF-BiPAC-Mamba / PAC+GRL full,45,S6,CEVT_035,SRC_CEVT_035,coal,empty,0.3948968310,0.0004637126,0.6046394564,18,0,0d68ed4c7266207cb739b5c2d5ce92df953eb821f5798798286bb02e055cd76e
group_lonso,RAAF-BiPAC-Mamba / PAC+GRL full,45,S6,CEVT_046,SRC_CEVT_046,coal,gangue,0.3926913991,0.6068275383,0.0004810626,18,0,0d68ed4c7266207cb739b5c2d5ce92df953eb821f5798798286bb02e055cd76e
group_lonso,RAAF-BiPAC-Mamba / PAC+GRL full,45,S6,CEVT_048,SRC_CEVT_048,coal,coal,0.9441625865,0.0382706993,0.0175667142,18,0,0d68ed4c7266207cb739b5c2d5ce92df953eb821f5798798286bb02e055cd76e
group_lonso,RAAF-BiPAC-Mamba / PAC+GRL full,45,S6,GEVT_002,SRC_GEVT_002,gangue,gangue,0.0774116415,0.7750408254,0.1475475331,18,0,0d68ed4c7266207cb739b5c2d5ce92df953eb821f5798798286bb02e055cd76e
group_lonso,RAAF-BiPAC-Mamba / PAC+GRL full,45,S6,GEVT_005,SRC_GEVT_005,gangue,coal,0.5599112972,0.2190416003,0.2210471025,18,0,0d68ed4c7266207cb739b5c2d5ce92df953eb821f5798798286bb02e055cd76e
group_lonso,RAAF-BiPAC-Mamba / PAC+GRL full,45,S6,GEVT_008,SRC_GEVT_008,gangue,gangue,0.1187482844,0.7426509535,0.1386007621,18,0,0d68ed4c7266207cb739b5c2d5ce92df953eb821f5798798286bb02e055cd76e
group_lonso,RAAF-BiPAC-Mamba / PAC+GRL full,45,S6,GEVT_022,SRC_GEVT_022,gangue,coal,0.5985746470,0.4009667377,0.0004586153,18,0,0d68ed4c7266207cb739b5c2d5ce92df953eb821f5798798286bb02e055cd76e
group_lonso,RAAF-BiPAC-Mamba / PAC+GRL full,45,S6,GEVT_024,SRC_GEVT_024,gangue,gangue,0.0366972862,0.8983233511,0.0649793627,18,0,0d68ed4c7266207cb739b5c2d5ce92df953eb821f5798798286bb02e055cd76e
group_lonso,RAAF-BiPAC-Mamba / PAC+GRL full,45,S6,GEVT_025,SRC_GEVT_025,gangue,gangue,0.0442630772,0.9327246667,0.0230122561,18,0,0d68ed4c7266207cb739b5c2d5ce92df953eb821f5798798286bb02e055cd76e
group_lonso,RAAF-BiPAC-Mamba / PAC+GRL full,45,S6,GEVT_029,SRC_GEVT_029,gangue,gangue,0.0436410610,0.8728293334,0.0835296056,18,0,0d68ed4c7266207cb739b5c2d5ce92df953eb821f5798798286bb02e055cd76e
group_lonso,RAAF-BiPAC-Mamba / PAC+GRL full,45,S6,GEVT_036,SRC_GEVT_036,gangue,gangue,0.1199130217,0.6974260164,0.1826609619,18,0,0d68ed4c7266207cb739b5c2d5ce92df953eb821f5798798286bb02e055cd76e
group_lonso,RAAF-BiPAC-Mamba / PAC+GRL full,45,S6,GEVT_037,SRC_GEVT_037,gangue,coal,0.5760202585,0.4184008661,0.0055788753,18,0,0d68ed4c7266207cb739b5c2d5ce92df953eb821f5798798286bb02e055cd76e
group_lonso,RAAF-BiPAC-Mamba / PAC+GRL full,45,S6,GEVT_050,SRC_GEVT_050,gangue,gangue,0.0702282617,0.7938067983,0.1359649400,18,0,0d68ed4c7266207cb739b5c2d5ce92df953eb821f5798798286bb02e055cd76e
group_lonso,RAAF-BiPAC-Mamba / PAC+GRL full,45,S6,GEVT_052,SRC_GEVT_052,gangue,gangue,0.0263941772,0.9321524011,0.0414534217,18,0,0d68ed4c7266207cb739b5c2d5ce92df953eb821f5798798286bb02e055cd76e
group_lonso,RAAF-BiPAC-Mamba / PAC+GRL full,45,S6,EEVT_001,SRC_EEVT_001,empty,empty,0.0188226385,0.0398307201,0.9413466415,18,0,0d68ed4c7266207cb739b5c2d5ce92df953eb821f5798798286bb02e055cd76e
group_lonso,RAAF-BiPAC-Mamba / PAC+GRL full,45,S6,EEVT_004,SRC_EEVT_004,empty,empty,0.1904455430,0.0880265400,0.7215279170,18,0,0d68ed4c7266207cb739b5c2d5ce92df953eb821f5798798286bb02e055cd76e
group_lonso,RAAF-BiPAC-Mamba / PAC+GRL full,45,S6,EEVT_008,SRC_EEVT_008,empty,empty,0.0486484471,0.0726765061,0.8786750468,18,0,0d68ed4c7266207cb739b5c2d5ce92df953eb821f5798798286bb02e055cd76e
group_lonso,RAAF-BiPAC-Mamba / PAC+GRL full,45,S6,EEVT_011,SRC_EEVT_011,empty,empty,0.0213580270,0.0344150559,0.9442269171,18,0,0d68ed4c7266207cb739b5c2d5ce92df953eb821f5798798286bb02e055cd76e
group_lonso,RAAF-BiPAC-Mamba / PAC+GRL full,45,S6,EEVT_020,SRC_EEVT_020,empty,empty,0.1136609592,0.0842222607,0.8021167800,18,0,0d68ed4c7266207cb739b5c2d5ce92df953eb821f5798798286bb02e055cd76e
group_lonso,RAAF-BiPAC-Mamba / PAC+GRL full,45,S6,EEVT_030,SRC_EEVT_030,empty,empty,0.0439752367,0.0225529074,0.9334718558,18,0,0d68ed4c7266207cb739b5c2d5ce92df953eb821f5798798286bb02e055cd76e
group_lonso,RAAF-BiPAC-Mamba / PAC+GRL full,45,S6,EEVT_039,SRC_EEVT_039,empty,empty,0.0362342658,0.0524879592,0.9112777750,18,0,0d68ed4c7266207cb739b5c2d5ce92df953eb821f5798798286bb02e055cd76e
group_lonso,RAAF-BiPAC-Mamba / PAC+GRL full,45,S6,EEVT_040,SRC_EEVT_040,empty,empty,0.1245421698,0.1611487746,0.7143090556,18,0,0d68ed4c7266207cb739b5c2d5ce92df953eb821f5798798286bb02e055cd76e
group_lonso,RAAF-BiPAC-Mamba / PAC+GRL full,45,S6,EEVT_041,SRC_EEVT_041,empty,empty,0.0256038410,0.0519826924,0.9224134666,18,0,0d68ed4c7266207cb739b5c2d5ce92df953eb821f5798798286bb02e055cd76e
group_lonso,RAAF-BiPAC-Mamba / PAC+GRL full,46,S6,CEVT_008,SRC_CEVT_008,coal,gangue,0.2031118103,0.6228746088,0.1740135809,18,0,c473d378073da09b896f0d79373d641cb5c095e549c75deb5deff327a72f824b
group_lonso,RAAF-BiPAC-Mamba / PAC+GRL full,46,S6,CEVT_017,SRC_CEVT_017,coal,gangue,0.3997943176,0.5821856263,0.0180200561,18,0,c473d378073da09b896f0d79373d641cb5c095e549c75deb5deff327a72f824b
group_lonso,RAAF-BiPAC-Mamba / PAC+GRL full,46,S6,CEVT_026,SRC_CEVT_026,coal,gangue,0.2704260072,0.6036956249,0.1258783679,18,0,c473d378073da09b896f0d79373d641cb5c095e549c75deb5deff327a72f824b
group_lonso,RAAF-BiPAC-Mamba / PAC+GRL full,46,S6,CEVT_027,SRC_CEVT_027,coal,gangue,0.4138610000,0.5687054095,0.0174335905,18,0,c473d378073da09b896f0d79373d641cb5c095e549c75deb5deff327a72f824b
group_lonso,RAAF-BiPAC-Mamba / PAC+GRL full,46,S6,CEVT_028,SRC_CEVT_028,coal,gangue,0.3157203020,0.5214377553,0.1628419427,18,0,c473d378073da09b896f0d79373d641cb5c095e549c75deb5deff327a72f824b
group_lonso,RAAF-BiPAC-Mamba / PAC+GRL full,46,S6,CEVT_030,SRC_CEVT_030,coal,coal,0.6852553165,0.1849292070,0.1298154765,18,0,c473d378073da09b896f0d79373d641cb5c095e549c75deb5deff327a72f824b
group_lonso,RAAF-BiPAC-Mamba / PAC+GRL full,46,S6,CEVT_032,SRC_CEVT_032,coal,coal,0.8489849702,0.0833906819,0.0676243480,18,0,c473d378073da09b896f0d79373d641cb5c095e549c75deb5deff327a72f824b
group_lonso,RAAF-BiPAC-Mamba / PAC+GRL full,46,S6,CEVT_036,SRC_CEVT_036,coal,coal,0.8279813734,0.0623792924,0.1096393342,18,0,c473d378073da09b896f0d79373d641cb5c095e549c75deb5deff327a72f824b
group_lonso,RAAF-BiPAC-Mamba / PAC+GRL full,46,S6,CEVT_046,SRC_CEVT_046,coal,coal,0.9068122145,0.0433863754,0.0498014102,18,0,c473d378073da09b896f0d79373d641cb5c095e549c75deb5deff327a72f824b
group_lonso,RAAF-BiPAC-Mamba / PAC+GRL full,46,S6,CEVT_048,SRC_CEVT_048,coal,coal,0.8435678500,0.0629230488,0.0935091013,18,0,c473d378073da09b896f0d79373d641cb5c095e549c75deb5deff327a72f824b
group_lonso,RAAF-BiPAC-Mamba / PAC+GRL full,46,S6,GEVT_004,SRC_GEVT_004,gangue,gangue,0.1027903158,0.8516482574,0.0455614268,18,0,c473d378073da09b896f0d79373d641cb5c095e549c75deb5deff327a72f824b
group_lonso,RAAF-BiPAC-Mamba / PAC+GRL full,46,S6,GEVT_017,SRC_GEVT_017,gangue,gangue,0.0286477260,0.9548725141,0.0164797599,18,0,c473d378073da09b896f0d79373d641cb5c095e549c75deb5deff327a72f824b
group_lonso,RAAF-BiPAC-Mamba / PAC+GRL full,46,S6,GEVT_018,SRC_GEVT_018,gangue,gangue,0.0592277875,0.8617570560,0.0790151565,18,0,c473d378073da09b896f0d79373d641cb5c095e549c75deb5deff327a72f824b
group_lonso,RAAF-BiPAC-Mamba / PAC+GRL full,46,S6,GEVT_028,SRC_GEVT_028,gangue,gangue,0.1261163256,0.7805953423,0.0932883321,18,0,c473d378073da09b896f0d79373d641cb5c095e549c75deb5deff327a72f824b
group_lonso,RAAF-BiPAC-Mamba / PAC+GRL full,46,S6,GEVT_032,SRC_GEVT_032,gangue,gangue,0.1250499959,0.8172548412,0.0576951629,18,0,c473d378073da09b896f0d79373d641cb5c095e549c75deb5deff327a72f824b
group_lonso,RAAF-BiPAC-Mamba / PAC+GRL full,46,S6,GEVT_039,SRC_GEVT_039,gangue,gangue,0.0434103729,0.8771998015,0.0793898255,18,0,c473d378073da09b896f0d79373d641cb5c095e549c75deb5deff327a72f824b
group_lonso,RAAF-BiPAC-Mamba / PAC+GRL full,46,S6,GEVT_044,SRC_GEVT_044,gangue,gangue,0.1066786189,0.8442389042,0.0490824769,18,0,c473d378073da09b896f0d79373d641cb5c095e549c75deb5deff327a72f824b
group_lonso,RAAF-BiPAC-Mamba / PAC+GRL full,46,S6,GEVT_046,SRC_GEVT_046,gangue,gangue,0.0325475135,0.9216679173,0.0457845692,18,0,c473d378073da09b896f0d79373d641cb5c095e549c75deb5deff327a72f824b
group_lonso,RAAF-BiPAC-Mamba / PAC+GRL full,46,S6,GEVT_050,SRC_GEVT_050,gangue,empty,0.2032542117,0.2092535260,0.5874922623,18,0,c473d378073da09b896f0d79373d641cb5c095e549c75deb5deff327a72f824b
group_lonso,RAAF-BiPAC-Mamba / PAC+GRL full,46,S6,GEVT_052,SRC_GEVT_052,gangue,gangue,0.1402195652,0.7644419087,0.0953385260,18,0,c473d378073da09b896f0d79373d641cb5c095e549c75deb5deff327a72f824b
group_lonso,RAAF-BiPAC-Mamba / PAC+GRL full,46,S6,GEVT_054,SRC_GEVT_054,gangue,gangue,0.0254772504,0.9495429317,0.0249798178,18,0,c473d378073da09b896f0d79373d641cb5c095e549c75deb5deff327a72f824b
group_lonso,RAAF-BiPAC-Mamba / PAC+GRL full,46,S6,EEVT_008,SRC_EEVT_008,empty,empty,0.2042615701,0.1060754527,0.6896629772,18,0,c473d378073da09b896f0d79373d641cb5c095e549c75deb5deff327a72f824b
group_lonso,RAAF-BiPAC-Mamba / PAC+GRL full,46,S6,EEVT_010,SRC_EEVT_010,empty,empty,0.1081709867,0.0970527222,0.7947762910,18,0,c473d378073da09b896f0d79373d641cb5c095e549c75deb5deff327a72f824b
group_lonso,RAAF-BiPAC-Mamba / PAC+GRL full,46,S6,EEVT_013,SRC_EEVT_013,empty,empty,0.0954691344,0.1849332942,0.7195975714,18,0,c473d378073da09b896f0d79373d641cb5c095e549c75deb5deff327a72f824b
group_lonso,RAAF-BiPAC-Mamba / PAC+GRL full,46,S6,EEVT_014,SRC_EEVT_014,empty,empty,0.2103748486,0.0935321373,0.6960930141,18,0,c473d378073da09b896f0d79373d641cb5c095e549c75deb5deff327a72f824b
group_lonso,RAAF-BiPAC-Mamba / PAC+GRL full,46,S6,EEVT_016,SRC_EEVT_016,empty,empty,0.0718503655,0.0467597881,0.8813898463,18,0,c473d378073da09b896f0d79373d641cb5c095e549c75deb5deff327a72f824b
group_lonso,RAAF-BiPAC-Mamba / PAC+GRL full,46,S6,EEVT_018,SRC_EEVT_018,empty,empty,0.1018184546,0.1703986777,0.7277828676,18,0,c473d378073da09b896f0d79373d641cb5c095e549c75deb5deff327a72f824b
group_lonso,RAAF-BiPAC-Mamba / PAC+GRL full,46,S6,EEVT_030,SRC_EEVT_030,empty,empty,0.0403264757,0.0612850033,0.8983885210,18,0,c473d378073da09b896f0d79373d641cb5c095e549c75deb5deff327a72f824b
group_lonso,RAAF-BiPAC-Mamba / PAC+GRL full,46,S6,EEVT_033,SRC_EEVT_033,empty,empty,0.0527331346,0.0458966406,0.9013702248,18,0,c473d378073da09b896f0d79373d641cb5c095e549c75deb5deff327a72f824b
group_lonso,RAAF-BiPAC-Mamba / PAC+GRL full,46,S6,EEVT_039,SRC_EEVT_039,empty,empty,0.1912269646,0.1244850760,0.6842879595,18,0,c473d378073da09b896f0d79373d641cb5c095e549c75deb5deff327a72f824b
group_lonso,HMBCNN-style,42,S6,CEVT_003,SRC_CEVT_003,coal,coal,0.8426030908,0.0646858330,0.0927110761,18,0,59df1d0965ae364a8dc80887839a20be5f7a98764098a3afdeedc416721337d1
group_lonso,HMBCNN-style,42,S6,CEVT_024,SRC_CEVT_024,coal,coal,0.6132252895,0.1480621334,0.2387125771,18,0,59df1d0965ae364a8dc80887839a20be5f7a98764098a3afdeedc416721337d1
group_lonso,HMBCNN-style,42,S6,CEVT_042,SRC_CEVT_042,coal,gangue,0.2242256022,0.5226938066,0.2530805912,18,0,59df1d0965ae364a8dc80887839a20be5f7a98764098a3afdeedc416721337d1
group_lonso,HMBCNN-style,42,S6,CEVT_009,SRC_CEVT_009,coal,coal,0.7122253917,0.1413539286,0.1464206797,18,0,59df1d0965ae364a8dc80887839a20be5f7a98764098a3afdeedc416721337d1
group_lonso,HMBCNN-style,42,S6,CEVT_020,SRC_CEVT_020,coal,coal,0.6654749229,0.2189976604,0.1155274167,18,0,59df1d0965ae364a8dc80887839a20be5f7a98764098a3afdeedc416721337d1
group_lonso,HMBCNN-style,42,S6,CEVT_019,SRC_CEVT_019,coal,coal,0.7799473401,0.0720200222,0.1480326377,18,0,59df1d0965ae364a8dc80887839a20be5f7a98764098a3afdeedc416721337d1
group_lonso,HMBCNN-style,42,S6,CEVT_014,SRC_CEVT_014,coal,gangue,0.3026801570,0.4535005923,0.2438192506,18,0,59df1d0965ae364a8dc80887839a20be5f7a98764098a3afdeedc416721337d1
group_lonso,HMBCNN-style,42,S6,CEVT_033,SRC_CEVT_033,coal,empty,0.2850899188,0.2744135015,0.4404965798,18,0,59df1d0965ae364a8dc80887839a20be5f7a98764098a3afdeedc416721337d1
group_lonso,HMBCNN-style,42,S6,CEVT_044,SRC_CEVT_044,coal,coal,0.7657486152,0.0850532220,0.1491981628,18,0,59df1d0965ae364a8dc80887839a20be5f7a98764098a3afdeedc416721337d1
group_lonso,HMBCNN-style,42,S6,CEVT_001,SRC_CEVT_001,coal,coal,0.6371001554,0.1989271571,0.1639726875,18,0,59df1d0965ae364a8dc80887839a20be5f7a98764098a3afdeedc416721337d1
group_lonso,HMBCNN-style,42,S6,GEVT_013,SRC_GEVT_013,gangue,gangue,0.0890245738,0.7442441814,0.1667312447,18,0,59df1d0965ae364a8dc80887839a20be5f7a98764098a3afdeedc416721337d1
group_lonso,HMBCNN-style,42,S6,GEVT_050,SRC_GEVT_050,gangue,gangue,0.2076044505,0.6519352003,0.1404603492,18,0,59df1d0965ae364a8dc80887839a20be5f7a98764098a3afdeedc416721337d1
group_lonso,HMBCNN-style,42,S6,GEVT_019,SRC_GEVT_019,gangue,gangue,0.1713535890,0.6822089846,0.1464374264,18,0,59df1d0965ae364a8dc80887839a20be5f7a98764098a3afdeedc416721337d1
group_lonso,HMBCNN-style,42,S6,GEVT_014,SRC_GEVT_014,gangue,gangue,0.1386677878,0.7194398650,0.1418923471,18,0,59df1d0965ae364a8dc80887839a20be5f7a98764098a3afdeedc416721337d1
group_lonso,HMBCNN-style,42,S6,GEVT_004,SRC_GEVT_004,gangue,coal,0.5452078556,0.2252713316,0.2295208127,18,0,59df1d0965ae364a8dc80887839a20be5f7a98764098a3afdeedc416721337d1
group_lonso,HMBCNN-style,42,S6,GEVT_033,SRC_GEVT_033,gangue,gangue,0.1336883929,0.6792761990,0.1870354080,18,0,59df1d0965ae364a8dc80887839a20be5f7a98764098a3afdeedc416721337d1
group_lonso,HMBCNN-style,42,S6,GEVT_055,SRC_GEVT_055,gangue,gangue,0.1023070007,0.8354814253,0.0622115741,18,0,59df1d0965ae364a8dc80887839a20be5f7a98764098a3afdeedc416721337d1
group_lonso,HMBCNN-style,42,S6,GEVT_040,SRC_GEVT_040,gangue,gangue,0.0927322028,0.7613610536,0.1459067436,18,0,59df1d0965ae364a8dc80887839a20be5f7a98764098a3afdeedc416721337d1
group_lonso,HMBCNN-style,42,S6,GEVT_023,SRC_GEVT_023,gangue,coal,0.5013842419,0.3729962482,0.1256195098,18,0,59df1d0965ae364a8dc80887839a20be5f7a98764098a3afdeedc416721337d1
group_lonso,HMBCNN-style,42,S6,GEVT_027,SRC_GEVT_027,gangue,empty,0.2446107000,0.2888345786,0.4665547214,18,0,59df1d0965ae364a8dc80887839a20be5f7a98764098a3afdeedc416721337d1
group_lonso,HMBCNN-style,42,S6,GEVT_053,SRC_GEVT_053,gangue,gangue,0.0812085838,0.7221978671,0.1965935490,18,0,59df1d0965ae364a8dc80887839a20be5f7a98764098a3afdeedc416721337d1
group_lonso,HMBCNN-style,42,S6,EEVT_033,SRC_EEVT_033,empty,empty,0.0658998620,0.0709153435,0.8631847945,18,0,59df1d0965ae364a8dc80887839a20be5f7a98764098a3afdeedc416721337d1
group_lonso,HMBCNN-style,42,S6,EEVT_029,SRC_EEVT_029,empty,coal,0.5966634577,0.1013068175,0.3020297248,18,0,59df1d0965ae364a8dc80887839a20be5f7a98764098a3afdeedc416721337d1
group_lonso,HMBCNN-style,42,S6,EEVT_009,SRC_EEVT_009,empty,empty,0.0878326271,0.0574522687,0.8547151042,18,0,59df1d0965ae364a8dc80887839a20be5f7a98764098a3afdeedc416721337d1
group_lonso,HMBCNN-style,42,S6,EEVT_036,SRC_EEVT_036,empty,empty,0.0545558472,0.0753356554,0.8701084974,18,0,59df1d0965ae364a8dc80887839a20be5f7a98764098a3afdeedc416721337d1
group_lonso,HMBCNN-style,42,S6,EEVT_002,SRC_EEVT_002,empty,empty,0.1629471202,0.1853874075,0.6516654723,18,0,59df1d0965ae364a8dc80887839a20be5f7a98764098a3afdeedc416721337d1
group_lonso,HMBCNN-style,42,S6,EEVT_005,SRC_EEVT_005,empty,empty,0.1748569633,0.1069881886,0.7181548481,18,0,59df1d0965ae364a8dc80887839a20be5f7a98764098a3afdeedc416721337d1
group_lonso,HMBCNN-style,42,S6,EEVT_017,SRC_EEVT_017,empty,empty,0.0683685154,0.0915078629,0.8401236217,18,0,59df1d0965ae364a8dc80887839a20be5f7a98764098a3afdeedc416721337d1
group_lonso,HMBCNN-style,42,S6,EEVT_019,SRC_EEVT_019,empty,empty,0.1442291437,0.0901855993,0.7655852570,18,0,59df1d0965ae364a8dc80887839a20be5f7a98764098a3afdeedc416721337d1
group_lonso,HMBCNN-style,42,S6,EEVT_034,SRC_EEVT_034,empty,empty,0.0644940966,0.1324026317,0.8031032717,18,0,59df1d0965ae364a8dc80887839a20be5f7a98764098a3afdeedc416721337d1
group_lonso,HMBCNN-style,43,S6,CEVT_028,SRC_CEVT_028,coal,coal,0.6940124882,0.1547628971,0.1512246146,18,0,33ae0d43b916cca42e642a7defc4f91be638906cbe8dfe313c0cbca328e8f3ba
group_lonso,HMBCNN-style,43,S6,CEVT_042,SRC_CEVT_042,coal,coal,0.6637910554,0.1154001211,0.2208088235,18,0,33ae0d43b916cca42e642a7defc4f91be638906cbe8dfe313c0cbca328e8f3ba
group_lonso,HMBCNN-style,43,S6,CEVT_006,SRC_CEVT_006,coal,empty,0.2129584207,0.3005415376,0.4865000417,18,0,33ae0d43b916cca42e642a7defc4f91be638906cbe8dfe313c0cbca328e8f3ba
group_lonso,HMBCNN-style,43,S6,CEVT_021,SRC_CEVT_021,coal,coal,0.7332022686,0.1459083826,0.1208893488,18,0,33ae0d43b916cca42e642a7defc4f91be638906cbe8dfe313c0cbca328e8f3ba
group_lonso,HMBCNN-style,43,S6,CEVT_027,SRC_CEVT_027,coal,gangue,0.3369469428,0.5714647546,0.0915883027,18,0,33ae0d43b916cca42e642a7defc4f91be638906cbe8dfe313c0cbca328e8f3ba
group_lonso,HMBCNN-style,43,S6,CEVT_046,SRC_CEVT_046,coal,gangue,0.3178385665,0.5499642696,0.1321971639,18,0,33ae0d43b916cca42e642a7defc4f91be638906cbe8dfe313c0cbca328e8f3ba
group_lonso,HMBCNN-style,43,S6,CEVT_025,SRC_CEVT_025,coal,coal,0.6407606154,0.1624232730,0.1968161116,18,0,33ae0d43b916cca42e642a7defc4f91be638906cbe8dfe313c0cbca328e8f3ba
group_lonso,HMBCNN-style,43,S6,CEVT_047,SRC_CEVT_047,coal,gangue,0.3853366367,0.6014944774,0.0131688859,18,0,33ae0d43b916cca42e642a7defc4f91be638906cbe8dfe313c0cbca328e8f3ba
group_lonso,HMBCNN-style,43,S6,CEVT_044,SRC_CEVT_044,coal,coal,0.8525328271,0.0507464120,0.0967207608,18,0,33ae0d43b916cca42e642a7defc4f91be638906cbe8dfe313c0cbca328e8f3ba
group_lonso,HMBCNN-style,43,S6,CEVT_018,SRC_CEVT_018,coal,coal,0.6303579975,0.1223728691,0.2472691334,18,0,33ae0d43b916cca42e642a7defc4f91be638906cbe8dfe313c0cbca328e8f3ba
group_lonso,HMBCNN-style,43,S6,GEVT_053,SRC_GEVT_053,gangue,gangue,0.1937489814,0.7172791340,0.0889718847,18,0,33ae0d43b916cca42e642a7defc4f91be638906cbe8dfe313c0cbca328e8f3ba
group_lonso,HMBCNN-style,43,S6,GEVT_008,SRC_GEVT_008,gangue,gangue,0.2633565877,0.6341697295,0.1024736828,18,0,33ae0d43b916cca42e642a7defc4f91be638906cbe8dfe313c0cbca328e8f3ba
group_lonso,HMBCNN-style,43,S6,GEVT_037,SRC_GEVT_037,gangue,empty,0.2378328537,0.3274773221,0.4346898242,18,0,33ae0d43b916cca42e642a7defc4f91be638906cbe8dfe313c0cbca328e8f3ba
group_lonso,HMBCNN-style,43,S6,GEVT_028,SRC_GEVT_028,gangue,gangue,0.1526830241,0.7483450580,0.0989719179,18,0,33ae0d43b916cca42e642a7defc4f91be638906cbe8dfe313c0cbca328e8f3ba
group_lonso,HMBCNN-style,43,S6,GEVT_054,SRC_GEVT_054,gangue,gangue,0.2191282097,0.6123626064,0.1685091839,18,0,33ae0d43b916cca42e642a7defc4f91be638906cbe8dfe313c0cbca328e8f3ba
group_lonso,HMBCNN-style,43,S6,GEVT_042,SRC_GEVT_042,gangue,gangue,0.1292721269,0.8159124451,0.0548154279,18,0,33ae0d43b916cca42e642a7defc4f91be638906cbe8dfe313c0cbca328e8f3ba
group_lonso,HMBCNN-style,43,S6,GEVT_039,SRC_GEVT_039,gangue,coal,0.5045311581,0.2676003444,0.2278684975,18,0,33ae0d43b916cca42e642a7defc4f91be638906cbe8dfe313c0cbca328e8f3ba
group_lonso,HMBCNN-style,43,S6,GEVT_048,SRC_GEVT_048,gangue,gangue,0.1385693647,0.7842318710,0.0771987643,18,0,33ae0d43b916cca42e642a7defc4f91be638906cbe8dfe313c0cbca328e8f3ba
group_lonso,HMBCNN-style,43,S6,GEVT_057,SRC_GEVT_057,gangue,gangue,0.1529230325,0.6294657899,0.2176111775,18,0,33ae0d43b916cca42e642a7defc4f91be638906cbe8dfe313c0cbca328e8f3ba
group_lonso,HMBCNN-style,43,S6,GEVT_006,SRC_GEVT_006,gangue,gangue,0.1293258204,0.7464138833,0.1242602962,18,0,33ae0d43b916cca42e642a7defc4f91be638906cbe8dfe313c0cbca328e8f3ba
group_lonso,HMBCNN-style,43,S6,GEVT_007,SRC_GEVT_007,gangue,coal,0.5731232398,0.2917493514,0.1351274088,18,0,33ae0d43b916cca42e642a7defc4f91be638906cbe8dfe313c0cbca328e8f3ba
group_lonso,HMBCNN-style,43,S6,EEVT_029,SRC_EEVT_029,empty,empty,0.2134625109,0.1236092094,0.6629282797,18,0,33ae0d43b916cca42e642a7defc4f91be638906cbe8dfe313c0cbca328e8f3ba
group_lonso,HMBCNN-style,43,S6,EEVT_039,SRC_EEVT_039,empty,empty,0.1398647894,0.1576882973,0.7024469133,18,0,33ae0d43b916cca42e642a7defc4f91be638906cbe8dfe313c0cbca328e8f3ba
group_lonso,HMBCNN-style,43,S6,EEVT_017,SRC_EEVT_017,empty,empty,0.1714098906,0.0851284900,0.7434616194,18,0,33ae0d43b916cca42e642a7defc4f91be638906cbe8dfe313c0cbca328e8f3ba
group_lonso,HMBCNN-style,43,S6,EEVT_009,SRC_EEVT_009,empty,gangue,0.1960766641,0.4687485739,0.3351747620,18,0,33ae0d43b916cca42e642a7defc4f91be638906cbe8dfe313c0cbca328e8f3ba
group_lonso,HMBCNN-style,43,S6,EEVT_020,SRC_EEVT_020,empty,empty,0.0675314812,0.0583097778,0.8741587410,18,0,33ae0d43b916cca42e642a7defc4f91be638906cbe8dfe313c0cbca328e8f3ba
group_lonso,HMBCNN-style,43,S6,EEVT_042,SRC_EEVT_042,empty,empty,0.0677309548,0.1143041870,0.8179648583,18,0,33ae0d43b916cca42e642a7defc4f91be638906cbe8dfe313c0cbca328e8f3ba
group_lonso,HMBCNN-style,43,S6,EEVT_041,SRC_EEVT_041,empty,empty,0.0508842966,0.1025483061,0.8465673973,18,0,33ae0d43b916cca42e642a7defc4f91be638906cbe8dfe313c0cbca328e8f3ba
group_lonso,HMBCNN-style,43,S6,EEVT_015,SRC_EEVT_015,empty,empty,0.1762613872,0.1808225159,0.6429160969,18,0,33ae0d43b916cca42e642a7defc4f91be638906cbe8dfe313c0cbca328e8f3ba
group_lonso,HMBCNN-style,43,S6,EEVT_038,SRC_EEVT_038,empty,empty,0.1156205785,0.1050810034,0.7792984181,18,0,33ae0d43b916cca42e642a7defc4f91be638906cbe8dfe313c0cbca328e8f3ba
group_lonso,HMBCNN-style,44,S6,CEVT_035,SRC_CEVT_035,coal,gangue,0.3169681557,0.6059851530,0.0770466913,18,0,bb8720d09a47ae5c0fe6156b3cd6c98e3c2dd69538ac7654151880ce1d096e84
group_lonso,HMBCNN-style,44,S6,CEVT_040,SRC_CEVT_040,coal,coal,0.7101297823,0.1607524981,0.1291177196,18,0,bb8720d09a47ae5c0fe6156b3cd6c98e3c2dd69538ac7654151880ce1d096e84
group_lonso,HMBCNN-style,44,S6,CEVT_011,SRC_CEVT_011,coal,coal,0.8256008716,0.1094981621,0.0649009663,18,0,bb8720d09a47ae5c0fe6156b3cd6c98e3c2dd69538ac7654151880ce1d096e84
group_lonso,HMBCNN-style,44,S6,CEVT_032,SRC_CEVT_032,coal,coal,0.8197287584,0.0579832538,0.1222879879,18,0,bb8720d09a47ae5c0fe6156b3cd6c98e3c2dd69538ac7654151880ce1d096e84
group_lonso,HMBCNN-style,44,S6,CEVT_020,SRC_CEVT_020,coal,coal,0.7835019311,0.1356290038,0.0808690651,18,0,bb8720d09a47ae5c0fe6156b3cd6c98e3c2dd69538ac7654151880ce1d096e84
group_lonso,HMBCNN-style,44,S6,CEVT_029,SRC_CEVT_029,coal,coal,0.7338528324,0.1798055886,0.0863415790,18,0,bb8720d09a47ae5c0fe6156b3cd6c98e3c2dd69538ac7654151880ce1d096e84
group_lonso,HMBCNN-style,44,S6,CEVT_009,SRC_CEVT_009,coal,coal,0.8160107308,0.0764060205,0.1075832487,18,0,bb8720d09a47ae5c0fe6156b3cd6c98e3c2dd69538ac7654151880ce1d096e84
group_lonso,HMBCNN-style,44,S6,CEVT_002,SRC_CEVT_002,coal,coal,0.8068512800,0.1124879744,0.0806607456,18,0,bb8720d09a47ae5c0fe6156b3cd6c98e3c2dd69538ac7654151880ce1d096e84
group_lonso,HMBCNN-style,44,S6,CEVT_010,SRC_CEVT_010,coal,gangue,0.3523434514,0.4816761310,0.1659804176,18,0,bb8720d09a47ae5c0fe6156b3cd6c98e3c2dd69538ac7654151880ce1d096e84
group_lonso,HMBCNN-style,44,S6,CEVT_045,SRC_CEVT_045,coal,gangue,0.3254029084,0.5646446658,0.1099524258,18,0,bb8720d09a47ae5c0fe6156b3cd6c98e3c2dd69538ac7654151880ce1d096e84
group_lonso,HMBCNN-style,44,S6,GEVT_024,SRC_GEVT_024,gangue,gangue,0.2093132491,0.6572989966,0.1333877543,18,0,bb8720d09a47ae5c0fe6156b3cd6c98e3c2dd69538ac7654151880ce1d096e84
group_lonso,HMBCNN-style,44,S6,GEVT_050,SRC_GEVT_050,gangue,gangue,0.0785229974,0.7907383741,0.1307386284,18,0,bb8720d09a47ae5c0fe6156b3cd6c98e3c2dd69538ac7654151880ce1d096e84
group_lonso,HMBCNN-style,44,S6,GEVT_016,SRC_GEVT_016,gangue,coal,0.4829020647,0.3117121301,0.2053858052,18,0,bb8720d09a47ae5c0fe6156b3cd6c98e3c2dd69538ac7654151880ce1d096e84
group_lonso,HMBCNN-style,44,S6,GEVT_005,SRC_GEVT_005,gangue,gangue,0.1145178807,0.8228731468,0.0626089725,18,0,bb8720d09a47ae5c0fe6156b3cd6c98e3c2dd69538ac7654151880ce1d096e84
group_lonso,HMBCNN-style,44,S6,GEVT_033,SRC_GEVT_033,gangue,gangue,0.1097918943,0.6396709498,0.2505371560,18,0,bb8720d09a47ae5c0fe6156b3cd6c98e3c2dd69538ac7654151880ce1d096e84
group_lonso,HMBCNN-style,44,S6,GEVT_030,SRC_GEVT_030,gangue,gangue,0.1659723892,0.7511798125,0.0828477984,18,0,bb8720d09a47ae5c0fe6156b3cd6c98e3c2dd69538ac7654151880ce1d096e84
group_lonso,HMBCNN-style,44,S6,GEVT_010,SRC_GEVT_010,gangue,gangue,0.0710264051,0.7582175267,0.1707560682,18,0,bb8720d09a47ae5c0fe6156b3cd6c98e3c2dd69538ac7654151880ce1d096e84
group_lonso,HMBCNN-style,44,S6,GEVT_048,SRC_GEVT_048,gangue,gangue,0.1857492031,0.7338688753,0.0803819215,18,0,bb8720d09a47ae5c0fe6156b3cd6c98e3c2dd69538ac7654151880ce1d096e84
group_lonso,HMBCNN-style,44,S6,GEVT_003,SRC_GEVT_003,gangue,gangue,0.1107115642,0.7450183924,0.1442700434,18,0,bb8720d09a47ae5c0fe6156b3cd6c98e3c2dd69538ac7654151880ce1d096e84
group_lonso,HMBCNN-style,44,S6,GEVT_055,SRC_GEVT_055,gangue,coal,0.4539035364,0.2625181605,0.2835783031,18,0,bb8720d09a47ae5c0fe6156b3cd6c98e3c2dd69538ac7654151880ce1d096e84
group_lonso,HMBCNN-style,44,S6,GEVT_026,SRC_GEVT_026,gangue,gangue,0.0492854265,0.8650731188,0.0856414547,18,0,bb8720d09a47ae5c0fe6156b3cd6c98e3c2dd69538ac7654151880ce1d096e84
group_lonso,HMBCNN-style,44,S6,EEVT_040,SRC_EEVT_040,empty,empty,0.0823836058,0.1749798046,0.7426365896,18,0,bb8720d09a47ae5c0fe6156b3cd6c98e3c2dd69538ac7654151880ce1d096e84
group_lonso,HMBCNN-style,44,S6,EEVT_038,SRC_EEVT_038,empty,empty,0.0604629862,0.0964930323,0.8430439815,18,0,bb8720d09a47ae5c0fe6156b3cd6c98e3c2dd69538ac7654151880ce1d096e84
group_lonso,HMBCNN-style,44,S6,EEVT_019,SRC_EEVT_019,empty,empty,0.0737122516,0.0570530706,0.8692346778,18,0,bb8720d09a47ae5c0fe6156b3cd6c98e3c2dd69538ac7654151880ce1d096e84
group_lonso,HMBCNN-style,44,S6,EEVT_034,SRC_EEVT_034,empty,empty,0.1760279431,0.0871661785,0.7368058784,18,0,bb8720d09a47ae5c0fe6156b3cd6c98e3c2dd69538ac7654151880ce1d096e84
group_lonso,HMBCNN-style,44,S6,EEVT_035,SRC_EEVT_035,empty,gangue,0.1435524419,0.6021588542,0.2542887040,18,0,bb8720d09a47ae5c0fe6156b3cd6c98e3c2dd69538ac7654151880ce1d096e84
group_lonso,HMBCNN-style,44,S6,EEVT_005,SRC_EEVT_005,empty,empty,0.2208407259,0.1016854201,0.6774738540,18,0,bb8720d09a47ae5c0fe6156b3cd6c98e3c2dd69538ac7654151880ce1d096e84
group_lonso,HMBCNN-style,44,S6,EEVT_017,SRC_EEVT_017,empty,empty,0.1641218474,0.2185644321,0.6173137204,18,0,bb8720d09a47ae5c0fe6156b3cd6c98e3c2dd69538ac7654151880ce1d096e84
group_lonso,HMBCNN-style,44,S6,EEVT_026,SRC_EEVT_026,empty,empty,0.1308584014,0.0721519108,0.7969896879,18,0,bb8720d09a47ae5c0fe6156b3cd6c98e3c2dd69538ac7654151880ce1d096e84
group_lonso,HMBCNN-style,44,S6,EEVT_030,SRC_EEVT_030,empty,empty,0.1003311967,0.1093301568,0.7903386466,18,0,bb8720d09a47ae5c0fe6156b3cd6c98e3c2dd69538ac7654151880ce1d096e84
group_lonso,HMBCNN-style,45,S6,CEVT_032,SRC_CEVT_032,coal,gangue,0.2105389940,0.5412279731,0.2482330329,18,0,0d68ed4c7266207cb739b5c2d5ce92df953eb821f5798798286bb02e055cd76e
group_lonso,HMBCNN-style,45,S6,CEVT_035,SRC_CEVT_035,coal,coal,0.7695859767,0.1335486691,0.0968653542,18,0,0d68ed4c7266207cb739b5c2d5ce92df953eb821f5798798286bb02e055cd76e
group_lonso,HMBCNN-style,45,S6,CEVT_033,SRC_CEVT_033,coal,coal,0.7609096161,0.1567765210,0.0823138629,18,0,0d68ed4c7266207cb739b5c2d5ce92df953eb821f5798798286bb02e055cd76e
group_lonso,HMBCNN-style,45,S6,CEVT_004,SRC_CEVT_004,coal,coal,0.7382953044,0.1097589107,0.1519457849,18,0,0d68ed4c7266207cb739b5c2d5ce92df953eb821f5798798286bb02e055cd76e
group_lonso,HMBCNN-style,45,S6,CEVT_046,SRC_CEVT_046,coal,coal,0.7361045650,0.1531009424,0.1107944925,18,0,0d68ed4c7266207cb739b5c2d5ce92df953eb821f5798798286bb02e055cd76e
group_lonso,HMBCNN-style,45,S6,CEVT_005,SRC_CEVT_005,coal,coal,0.6113865820,0.1959968543,0.1926165637,18,0,0d68ed4c7266207cb739b5c2d5ce92df953eb821f5798798286bb02e055cd76e
group_lonso,HMBCNN-style,45,S6,CEVT_003,SRC_CEVT_003,coal,empty,0.2157366014,0.2421418462,0.5421215524,18,0,0d68ed4c7266207cb739b5c2d5ce92df953eb821f5798798286bb02e055cd76e
group_lonso,HMBCNN-style,45,S6,CEVT_010,SRC_CEVT_010,coal,gangue,0.3674696582,0.5351697540,0.0973605878,18,0,0d68ed4c7266207cb739b5c2d5ce92df953eb821f5798798286bb02e055cd76e
group_lonso,HMBCNN-style,45,S6,CEVT_048,SRC_CEVT_048,coal,coal,0.8686350924,0.0571523231,0.0742125845,18,0,0d68ed4c7266207cb739b5c2d5ce92df953eb821f5798798286bb02e055cd76e
group_lonso,HMBCNN-style,45,S6,CEVT_024,SRC_CEVT_024,coal,coal,0.8619835826,0.0921729072,0.0458435102,18,0,0d68ed4c7266207cb739b5c2d5ce92df953eb821f5798798286bb02e055cd76e
group_lonso,HMBCNN-style,45,S6,GEVT_002,SRC_GEVT_002,gangue,gangue,0.1813986454,0.6218394980,0.1967618566,18,0,0d68ed4c7266207cb739b5c2d5ce92df953eb821f5798798286bb02e055cd76e
group_lonso,HMBCNN-style,45,S6,GEVT_022,SRC_GEVT_022,gangue,gangue,0.0716183305,0.8142348516,0.1141468179,18,0,0d68ed4c7266207cb739b5c2d5ce92df953eb821f5798798286bb02e055cd76e
group_lonso,HMBCNN-style,45,S6,GEVT_025,SRC_GEVT_025,gangue,coal,0.5859666614,0.3730481091,0.0409852296,18,0,0d68ed4c7266207cb739b5c2d5ce92df953eb821f5798798286bb02e055cd76e
group_lonso,HMBCNN-style,45,S6,GEVT_008,SRC_GEVT_008,gangue,gangue,0.1716981664,0.6972090428,0.1310927908,18,0,0d68ed4c7266207cb739b5c2d5ce92df953eb821f5798798286bb02e055cd76e
group_lonso,HMBCNN-style,45,S6,GEVT_052,SRC_GEVT_052,gangue,gangue,0.1038871484,0.6709412689,0.2251715827,18,0,0d68ed4c7266207cb739b5c2d5ce92df953eb821f5798798286bb02e055cd76e
group_lonso,HMBCNN-style,45,S6,GEVT_005,SRC_GEVT_005,gangue,gangue,0.1719701604,0.6739084923,0.1541213473,18,0,0d68ed4c7266207cb739b5c2d5ce92df953eb821f5798798286bb02e055cd76e
group_lonso,HMBCNN-style,45,S6,GEVT_036,SRC_GEVT_036,gangue,empty,0.1521654831,0.3957506212,0.4520838957,18,0,0d68ed4c7266207cb739b5c2d5ce92df953eb821f5798798286bb02e055cd76e
group_lonso,HMBCNN-style,45,S6,GEVT_037,SRC_GEVT_037,gangue,gangue,0.1774570213,0.6898253599,0.1327176189,18,0,0d68ed4c7266207cb739b5c2d5ce92df953eb821f5798798286bb02e055cd76e
group_lonso,HMBCNN-style,45,S6,GEVT_050,SRC_GEVT_050,gangue,coal,0.6110354073,0.3565847407,0.0323798520,18,0,0d68ed4c7266207cb739b5c2d5ce92df953eb821f5798798286bb02e055cd76e
group_lonso,HMBCNN-style,45,S6,GEVT_029,SRC_GEVT_029,gangue,gangue,0.1787214068,0.6520267739,0.1692518192,18,0,0d68ed4c7266207cb739b5c2d5ce92df953eb821f5798798286bb02e055cd76e
group_lonso,HMBCNN-style,45,S6,GEVT_024,SRC_GEVT_024,gangue,gangue,0.1388559526,0.7719766380,0.0891674094,18,0,0d68ed4c7266207cb739b5c2d5ce92df953eb821f5798798286bb02e055cd76e
group_lonso,HMBCNN-style,45,S6,EEVT_020,SRC_EEVT_020,empty,coal,0.6071239127,0.1852535170,0.2076225703,18,0,0d68ed4c7266207cb739b5c2d5ce92df953eb821f5798798286bb02e055cd76e
group_lonso,HMBCNN-style,45,S6,EEVT_011,SRC_EEVT_011,empty,empty,0.2371497023,0.1159372798,0.6469130179,18,0,0d68ed4c7266207cb739b5c2d5ce92df953eb821f5798798286bb02e055cd76e
group_lonso,HMBCNN-style,45,S6,EEVT_030,SRC_EEVT_030,empty,empty,0.0860867579,0.2104277354,0.7034855068,18,0,0d68ed4c7266207cb739b5c2d5ce92df953eb821f5798798286bb02e055cd76e
group_lonso,HMBCNN-style,45,S6,EEVT_008,SRC_EEVT_008,empty,gangue,0.1112168868,0.5041841656,0.3845989476,18,0,0d68ed4c7266207cb739b5c2d5ce92df953eb821f5798798286bb02e055cd76e
group_lonso,HMBCNN-style,45,S6,EEVT_004,SRC_EEVT_004,empty,empty,0.1512121328,0.0809180911,0.7678697762,18,0,0d68ed4c7266207cb739b5c2d5ce92df953eb821f5798798286bb02e055cd76e
group_lonso,HMBCNN-style,45,S6,EEVT_001,SRC_EEVT_001,empty,empty,0.1290709582,0.2479335242,0.6229955176,18,0,0d68ed4c7266207cb739b5c2d5ce92df953eb821f5798798286bb02e055cd76e
group_lonso,HMBCNN-style,45,S6,EEVT_040,SRC_EEVT_040,empty,empty,0.0591491488,0.0716964002,0.8691544510,18,0,0d68ed4c7266207cb739b5c2d5ce92df953eb821f5798798286bb02e055cd76e
group_lonso,HMBCNN-style,45,S6,EEVT_039,SRC_EEVT_039,empty,empty,0.0675824243,0.1403653034,0.7920522723,18,0,0d68ed4c7266207cb739b5c2d5ce92df953eb821f5798798286bb02e055cd76e
group_lonso,HMBCNN-style,45,S6,EEVT_041,SRC_EEVT_041,empty,empty,0.1381575266,0.1637351978,0.6981072755,18,0,0d68ed4c7266207cb739b5c2d5ce92df953eb821f5798798286bb02e055cd76e
group_lonso,HMBCNN-style,46,S6,CEVT_008,SRC_CEVT_008,coal,gangue,0.4004985849,0.4397643932,0.1597370220,18,0,c473d378073da09b896f0d79373d641cb5c095e549c75deb5deff327a72f824b
group_lonso,HMBCNN-style,46,S6,CEVT_026,SRC_CEVT_026,coal,coal,0.7863947232,0.0642198911,0.1493853858,18,0,c473d378073da09b896f0d79373d641cb5c095e549c75deb5deff327a72f824b
group_lonso,HMBCNN-style,46,S6,CEVT_048,SRC_CEVT_048,coal,coal,0.7706328142,0.1582012438,0.0711659420,18,0,c473d378073da09b896f0d79373d641cb5c095e549c75deb5deff327a72f824b
group_lonso,HMBCNN-style,46,S6,CEVT_046,SRC_CEVT_046,coal,coal,0.7887941032,0.0858356409,0.1253702559,18,0,c473d378073da09b896f0d79373d641cb5c095e549c75deb5deff327a72f824b
group_lonso,HMBCNN-style,46,S6,CEVT_036,SRC_CEVT_036,coal,coal,0.8445569412,0.1097794769,0.0456635819,18,0,c473d378073da09b896f0d79373d641cb5c095e549c75deb5deff327a72f824b
group_lonso,HMBCNN-style,46,S6,CEVT_017,SRC_CEVT_017,coal,gangue,0.2637127676,0.4591177726,0.2771694598,18,0,c473d378073da09b896f0d79373d641cb5c095e549c75deb5deff327a72f824b
group_lonso,HMBCNN-style,46,S6,CEVT_027,SRC_CEVT_027,coal,coal,0.7691651917,0.1103106530,0.1205241553,18,0,c473d378073da09b896f0d79373d641cb5c095e549c75deb5deff327a72f824b
group_lonso,HMBCNN-style,46,S6,CEVT_030,SRC_CEVT_030,coal,gangue,0.3691804241,0.5181271782,0.1126923978,18,0,c473d378073da09b896f0d79373d641cb5c095e549c75deb5deff327a72f824b
group_lonso,HMBCNN-style,46,S6,CEVT_032,SRC_CEVT_032,coal,coal,0.8141974678,0.0668994270,0.1189031052,18,0,c473d378073da09b896f0d79373d641cb5c095e549c75deb5deff327a72f824b
group_lonso,HMBCNN-style,46,S6,CEVT_028,SRC_CEVT_028,coal,coal,0.7203935416,0.1255685717,0.1540378867,18,0,c473d378073da09b896f0d79373d641cb5c095e549c75deb5deff327a72f824b
group_lonso,HMBCNN-style,46,S6,GEVT_054,SRC_GEVT_054,gangue,gangue,0.1398127626,0.7481844970,0.1120027404,18,0,c473d378073da09b896f0d79373d641cb5c095e549c75deb5deff327a72f824b
group_lonso,HMBCNN-style,46,S6,GEVT_039,SRC_GEVT_039,gangue,gangue,0.1071720341,0.6636738879,0.2291540780,18,0,c473d378073da09b896f0d79373d641cb5c095e549c75deb5deff327a72f824b
group_lonso,HMBCNN-style,46,S6,GEVT_046,SRC_GEVT_046,gangue,gangue,0.1252353614,0.7756848157,0.0990798228,18,0,c473d378073da09b896f0d79373d641cb5c095e549c75deb5deff327a72f824b
group_lonso,HMBCNN-style,46,S6,GEVT_004,SRC_GEVT_004,gangue,gangue,0.0962954556,0.8163533714,0.0873511730,18,0,c473d378073da09b896f0d79373d641cb5c095e549c75deb5deff327a72f824b
group_lonso,HMBCNN-style,46,S6,GEVT_032,SRC_GEVT_032,gangue,gangue,0.1104249500,0.6750930399,0.2144820101,18,0,c473d378073da09b896f0d79373d641cb5c095e549c75deb5deff327a72f824b
group_lonso,HMBCNN-style,46,S6,GEVT_050,SRC_GEVT_050,gangue,empty,0.3456455708,0.2052426417,0.4491117875,18,0,c473d378073da09b896f0d79373d641cb5c095e549c75deb5deff327a72f824b
group_lonso,HMBCNN-style,46,S6,GEVT_052,SRC_GEVT_052,gangue,coal,0.5069427927,0.3670042268,0.1260529805,18,0,c473d378073da09b896f0d79373d641cb5c095e549c75deb5deff327a72f824b
group_lonso,HMBCNN-style,46,S6,GEVT_044,SRC_GEVT_044,gangue,gangue,0.1510904951,0.6195243914,0.2293851135,18,0,c473d378073da09b896f0d79373d641cb5c095e549c75deb5deff327a72f824b
group_lonso,HMBCNN-style,46,S6,GEVT_018,SRC_GEVT_018,gangue,empty,0.2546324465,0.2366865456,0.5086810079,18,0,c473d378073da09b896f0d79373d641cb5c095e549c75deb5deff327a72f824b
group_lonso,HMBCNN-style,46,S6,GEVT_017,SRC_GEVT_017,gangue,coal,0.5267194658,0.2567827158,0.2164978184,18,0,c473d378073da09b896f0d79373d641cb5c095e549c75deb5deff327a72f824b
group_lonso,HMBCNN-style,46,S6,GEVT_028,SRC_GEVT_028,gangue,gangue,0.1862340304,0.6624958281,0.1512701415,18,0,c473d378073da09b896f0d79373d641cb5c095e549c75deb5deff327a72f824b
group_lonso,HMBCNN-style,46,S6,EEVT_013,SRC_EEVT_013,empty,empty,0.0747792617,0.0853652292,0.8398555092,18,0,c473d378073da09b896f0d79373d641cb5c095e549c75deb5deff327a72f824b
group_lonso,HMBCNN-style,46,S6,EEVT_018,SRC_EEVT_018,empty,empty,0.1973416690,0.0907231559,0.7119351751,18,0,c473d378073da09b896f0d79373d641cb5c095e549c75deb5deff327a72f824b
group_lonso,HMBCNN-style,46,S6,EEVT_010,SRC_EEVT_010,empty,empty,0.0746616222,0.0870691670,0.8382692108,18,0,c473d378073da09b896f0d79373d641cb5c095e549c75deb5deff327a72f824b
group_lonso,HMBCNN-style,46,S6,EEVT_016,SRC_EEVT_016,empty,empty,0.1407151425,0.2401009514,0.6191839060,18,0,c473d378073da09b896f0d79373d641cb5c095e549c75deb5deff327a72f824b
group_lonso,HMBCNN-style,46,S6,EEVT_008,SRC_EEVT_008,empty,empty,0.1843841187,0.1218531902,0.6937626911,18,0,c473d378073da09b896f0d79373d641cb5c095e549c75deb5deff327a72f824b
group_lonso,HMBCNN-style,46,S6,EEVT_033,SRC_EEVT_033,empty,empty,0.2415311436,0.1399438851,0.6185249713,18,0,c473d378073da09b896f0d79373d641cb5c095e549c75deb5deff327a72f824b
group_lonso,HMBCNN-style,46,S6,EEVT_014,SRC_EEVT_014,empty,gangue,0.2650016688,0.5166115445,0.2183867868,18,0,c473d378073da09b896f0d79373d641cb5c095e549c75deb5deff327a72f824b
group_lonso,HMBCNN-style,46,S6,EEVT_030,SRC_EEVT_030,empty,empty,0.0637542181,0.1316546775,0.8045911044,18,0,c473d378073da09b896f0d79373d641cb5c095e549c75deb5deff327a72f824b
group_lonso,HMBCNN-style,46,S6,EEVT_039,SRC_EEVT_039,empty,empty,0.0645766999,0.0910706653,0.8443526348,18,0,c473d378073da09b896f0d79373d641cb5c095e549c75deb5deff327a72f824b
